{"cameraMode":{"drawMode":0,"name":"Shaded","section":"Shading Mode"},"sceneLighting":false,"audioPlay":false,"sceneViewState":{"m_AlwaysRefresh":false,"showFog":true,"showSkybox":false,"showFlares":true,"showImageEffects":true,"showParticleSystems":true,"showVisualEffectGraphs":true,"m_FxEnabled":true},"in2DMode":false,"pivot":{"x":0.7561154365539551,"y":0.45358148217201235,"z":-0.34066376090049746},"rotation":{"x":-0.45728132128715517,"y":-0.3593432307243347,"z":0.20902426540851594,"w":-0.7862041592597961},"size":1.4431712627410889,"orthographic":false}