{"cameraMode":{"drawMode":0,"name":"Shaded","section":"Shading Mode"},"sceneLighting":false,"audioPlay":false,"sceneViewState":{"m_AlwaysRefresh":false,"showFog":true,"showSkybox":false,"showFlares":true,"showImageEffects":true,"showParticleSystems":true,"showVisualEffectGraphs":true,"m_FxEnabled":true},"in2DMode":false,"pivot":{"x":-0.3271752893924713,"y":1.4554600715637208,"z":0.11274251341819763},"rotation":{"x":0.0503445602953434,"y":-0.03594676032662392,"z":0.001813970971852541,"w":0.998084545135498},"size":1.1618075370788575,"orthographic":false}