{"cameraMode":{"drawMode":0,"name":"Shaded","section":"Shading Mode"},"sceneLighting":false,"audioPlay":false,"sceneViewState":{"m_AlwaysRefresh":false,"showFog":true,"showSkybox":false,"showFlares":true,"showImageEffects":true,"showParticleSystems":true,"showVisualEffectGraphs":true,"m_FxEnabled":true},"in2DMode":false,"pivot":{"x":-0.022494405508041383,"y":0.5870332717895508,"z":-0.0015354752540588379},"rotation":{"x":-0.12947261333465577,"y":-0.5598474740982056,"z":0.08908147364854813,"w":-0.8135709762573242},"size":1.2744220495224,"orthographic":false}