{"cameraMode":{"drawMode":0,"name":"Shaded","section":"Shading Mode"},"sceneLighting":false,"audioPlay":false,"sceneViewState":{"m_AlwaysRefresh":false,"showFog":true,"showSkybox":false,"showFlares":true,"showImageEffects":true,"showParticleSystems":true,"showVisualEffectGraphs":true,"m_FxEnabled":true},"in2DMode":false,"pivot":{"x":-1.0861737728118897,"y":1.777809739112854,"z":0.3984643816947937},"rotation":{"x":0.016797948628664018,"y":0.9717646837234497,"z":0.07270777970552445,"w":-0.22396032512187959},"size":1.6381504535675049,"orthographic":false}