{"cameraMode":{"drawMode":0,"name":"Shaded","section":"Shading Mode"},"sceneLighting":false,"audioPlay":false,"sceneViewState":{"m_AlwaysRefresh":false,"showFog":true,"showSkybox":false,"showFlares":true,"showImageEffects":true,"showParticleSystems":true,"showVisualEffectGraphs":true,"m_FxEnabled":true},"in2DMode":false,"pivot":{"x":-0.11674824357032776,"y":1.2512174844741822,"z":0.11351390182971955},"rotation":{"x":-0.09991318732500076,"y":0.7077932357788086,"z":-0.10218232870101929,"w":-0.6918540000915527},"size":0.6119158267974854,"orthographic":false}