{"cameraMode":{"drawMode":0,"name":"Shaded","section":"Shading Mode"},"sceneLighting":false,"audioPlay":false,"sceneViewState":{"m_AlwaysRefresh":false,"showFog":true,"showSkybox":false,"showFlares":true,"showImageEffects":true,"showParticleSystems":true,"showVisualEffectGraphs":true,"m_FxEnabled":true},"in2DMode":false,"pivot":{"x":0.0831717699766159,"y":0.1631869226694107,"z":0.11443537473678589},"rotation":{"x":-0.0668976679444313,"y":-0.6927984356880188,"z":0.06485971063375473,"w":-0.7151358127593994},"size":0.4514632225036621,"orthographic":false}