{"cameraMode":{"drawMode":0,"name":"Shaded","section":"Shading Mode"},"sceneLighting":false,"audioPlay":false,"sceneViewState":{"m_AlwaysRefresh":false,"showFog":true,"showSkybox":false,"showFlares":true,"showImageEffects":true,"showParticleSystems":true,"showVisualEffectGraphs":true,"m_FxEnabled":true},"in2DMode":false,"pivot":{"x":-0.007388085126876831,"y":0.3972850441932678,"z":-0.05796930193901062},"rotation":{"x":0.025190318003296853,"y":0.9113579392433167,"z":-0.056401535868644717,"w":0.4069700241088867},"size":1.0407013893127442,"orthographic":false}