{"cameraMode":{"drawMode":0,"name":"Shaded","section":"Shading Mode"},"sceneLighting":false,"audioPlay":false,"sceneViewState":{"m_AlwaysRefresh":false,"showFog":true,"showSkybox":false,"showFlares":true,"showImageEffects":true,"showParticleSystems":true,"showVisualEffectGraphs":true,"m_FxEnabled":true},"in2DMode":false,"pivot":{"x":0.12758930027484895,"y":0.009894522838294506,"z":0.4639349579811096},"rotation":{"x":0.1559079885482788,"y":0.22485607862472535,"z":-0.036481887102127078,"w":0.9611551761627197},"size":1.7700263261795045,"orthographic":false}