{"cameraMode":{"drawMode":0,"name":"Shaded","section":"Shading Mode"},"sceneLighting":false,"audioPlay":false,"sceneViewState":{"m_AlwaysRefresh":false,"showFog":true,"showSkybox":false,"showFlares":true,"showImageEffects":true,"showParticleSystems":true,"showVisualEffectGraphs":true,"m_FxEnabled":true},"in2DMode":false,"pivot":{"x":2.0625829696655275,"y":0.08213547617197037,"z":-0.05549663305282593},"rotation":{"x":-0.1018717959523201,"y":-0.8926371932029724,"z":0.35850006341934206,"w":-0.2536802589893341},"size":2.255979537963867,"orthographic":false}