{"cameraMode":{"drawMode":0,"name":"Shaded","section":"Shading Mode"},"sceneLighting":false,"audioPlay":false,"sceneViewState":{"m_AlwaysRefresh":false,"showFog":true,"showSkybox":false,"showFlares":true,"showImageEffects":true,"showParticleSystems":true,"showVisualEffectGraphs":true,"m_FxEnabled":true},"in2DMode":false,"pivot":{"x":0.1575457602739334,"y":0.20751820504665376,"z":0.2393159419298172},"rotation":{"x":-0.06898926943540573,"y":-0.6688219904899597,"z":0.06262987107038498,"w":-0.7376042604446411},"size":0.7289044857025147,"orthographic":false}