{"cameraMode":{"drawMode":0,"name":"Shaded","section":"Shading Mode"},"sceneLighting":false,"audioPlay":false,"sceneViewState":{"m_AlwaysRefresh":false,"showFog":true,"showSkybox":false,"showFlares":true,"showImageEffects":true,"showParticleSystems":true,"showVisualEffectGraphs":true,"m_FxEnabled":true},"in2DMode":false,"pivot":{"x":-28.635066986083986,"y":1.480414628982544,"z":-3.019613742828369},"rotation":{"x":0.025190318003296853,"y":0.9113579392433167,"z":-0.056401535868644717,"w":0.4069700241088867},"size":0.47457805275917055,"orthographic":false}