{"cameraMode":{"drawMode":0,"name":"Shaded","section":"Shading Mode"},"sceneLighting":false,"audioPlay":false,"sceneViewState":{"m_AlwaysRefresh":false,"showFog":true,"showSkybox":false,"showFlares":true,"showImageEffects":true,"showParticleSystems":true,"showVisualEffectGraphs":true,"m_FxEnabled":true},"in2DMode":false,"pivot":{"x":-0.19311553239822389,"y":0.5110278129577637,"z":-0.48293766379356387},"rotation":{"x":-0.01523375604301691,"y":-0.9820818901062012,"z":0.09100324660539627,"w":-0.16442738473415376},"size":2.161268711090088,"orthographic":false}