{"cameraMode":{"drawMode":0,"name":"Shaded","section":"Shading Mode"},"sceneLighting":false,"audioPlay":false,"sceneViewState":{"m_AlwaysRefresh":false,"showFog":true,"showSkybox":false,"showFlares":true,"showImageEffects":true,"showParticleSystems":true,"showVisualEffectGraphs":true,"m_FxEnabled":true},"in2DMode":false,"pivot":{"x":-0.035659316927194598,"y":0.5159426331520081,"z":0.01619783788919449},"rotation":{"x":0.09111181646585465,"y":-0.8389609456062317,"z":0.14825259149074555,"w":0.5156565308570862},"size":1.519771933555603,"orthographic":false}