{"cameraMode":{"drawMode":0,"name":"Shaded","section":"Shading Mode"},"sceneLighting":false,"audioPlay":false,"sceneViewState":{"m_AlwaysRefresh":false,"showFog":true,"showSkybox":false,"showFlares":true,"showImageEffects":true,"showParticleSystems":true,"showVisualEffectGraphs":true,"m_FxEnabled":true},"in2DMode":false,"pivot":{"x":0.12910345196723939,"y":1.4597779512405396,"z":-0.0995253399014473},"rotation":{"x":0.0011924293357878924,"y":0.9988335967063904,"z":0.031163128092885019,"w":-0.03748807683587074},"size":0.7799053192138672,"orthographic":false}