{"cameraMode":{"drawMode":0,"name":"Shaded","section":"Shading Mode"},"sceneLighting":false,"audioPlay":false,"sceneViewState":{"m_AlwaysRefresh":false,"showFog":true,"showSkybox":false,"showFlares":true,"showImageEffects":true,"showParticleSystems":true,"showVisualEffectGraphs":true,"m_FxEnabled":true},"in2DMode":false,"pivot":{"x":-0.022494405508041383,"y":0.5870332717895508,"z":-0.0015354752540588379},"rotation":{"x":-0.024637281894683839,"y":-0.9734863042831421,"z":0.18863387405872346,"w":-0.12716138362884522},"size":1.2744220495224,"orthographic":false}